{
    "accuracy": 0.8074677320221266,
    "precision": 0.6554787759131293,
    "recall": 0.42346938775510207,
    "f1": 0.5145292522278186,
    "roc_auc": 0.8239278871973892
}